[
    {
        "id": 1,
        "tanggal": "2023-10-10",
        "transaksi": "sales",
        "assets": "etherium",
        "amount": "1 eth",
        "pajak": 10,
        "total": 2500000
    },
    {
        "id": 2,
        "tanggal": "2023-10-11",
        "transaksi": "sales",
        "assets": "etherium",
        "amount": "1 eth",
        "pajak": 10,
        "total": 2500000
    },
    {
        "id": 3,
        "tanggal": "2023-10-12",
        "transaksi": "sales",
        "assets": "binance",
        "amount": "1 bnc",
        "pajak": 10,
        "total": 2000000
    },
    {
        "id": 4,
        "tanggal": "2023-10-13",
        "transaksi": "sales",
        "assets": "doge",
        "amount": "10000 doge",
        "pajak": 10,
        "total": 100000
    },
    {
        "id": 5,
        "tanggal": "2023-10-12",
        "transaksi": "sales",
        "assets": "axe",
        "amount": "100 axe",
        "pajak": 10,
        "total": 500000
    }
]